t,tx_bps,rx_bps
0.531,21158.8,21158.8
1.034,22309.3,22309.3
1.537,0.0,0.0
2.04,22328.1,22328.1
2.543,0.0,0.0
3.046,22325.7,22325.7
3.549,0.0,0.0
4.052,22321.6,22321.6
4.555,0.0,0.0
5.059,44649.8,44649.8
5.562,0.0,0.0
6.065,22326.2,22326.2
6.569,0.0,0.0
7.072,22327.2,22327.2
7.575,0.0,0.0
8.078,22321.3,22321.3
8.581,0.0,0.0
9.084,22312.6,22312.6
9.588,0.0,0.0
10.091,14476887.0,14253822.5
10.598,109339909.1,109339909.1
11.101,110908634.3,111131745.6
11.605,109961352.1,109961352.1
12.108,110242276.3,110242276.3
12.615,109589812.6,109390195.5
13.12,110308549.9,110286314.8
13.624,110371668.9,110371668.9
14.127,110202739.8,110202739.8
14.631,110156820.5,110156820.5
15.135,109821513.3,110044229.8
15.639,110139099.0,110139099.0
16.143,105615902.4,105615902.4
16.647,90480979.4,90480979.4
17.151,90468733.5,90290382.1
17.656,90209597.6,90209597.6
18.16,90529315.2,90707434.8
18.664,90450028.4,90450028.4
19.168,90450841.5,90272525.4
19.672,90400921.5,90400921.5
20.176,90428850.1,90607122.8
20.68,90430518.3,90430518.3
21.184,90368223.0,90368223.0
21.689,90435071.9,90435071.9
22.194,88624575.2,88446345.8
22.699,84254971.4,84277202.3
23.203,84084717.4,84062449.2
23.708,84930921.3,85109113.7
24.212,84452711.6,84452711.6
24.716,84627540.2,84449283.1
25.22,84441694.7,84463974.9
25.724,84478397.8,84456113.9
26.228,84411554.3,84589731.7
26.732,84468369.1,84312400.1
27.237,84456226.1,84612172.7
27.741,84525594.7,84458828.8
28.246,86313260.2,86202031.7
28.751,89035011.7,89035011.7
29.256,89083349.1,89083349.1
29.761,88817519.8,88995421.7
30.265,89050655.7,89050655.7
30.77,89099714.9,89099714.9
31.275,89055535.0,89055535.0
31.779,89108274.5,88930147.0
32.284,88912917.5,88912917.5
32.788,89086085.2,89086085.2
33.293,88943893.4,88943893.4
33.797,88998935.5,89177156.2
34.302,93889561.7,93712744.7
34.806,97807968.4,97986084.5
35.311,98002434.1,98002434.1
35.815,97831523.2,97631048.8
36.319,97799094.2,97999456.5
36.824,97972147.6,97972147.6
37.329,97874561.8,97674409.3
37.833,98034964.3,98235444.8
38.338,97748423.6,97549292.5
38.843,97920278.1,98120524.0
39.351,97248063.9,97248063.9
39.856,98269810.3,98069668.1
40.365,103921526.7,103899453.3
40.869,108888798.9,108888798.9
41.374,107750475.6,107973100.6
41.878,108048616.9,107825790.3
42.382,107810644.0,107810644.0
42.887,107742991.1,107965600.6
43.391,107797952.6,107797952.6
43.897,107569894.0,107370238.6
44.402,108213657.1,108414094.0
44.906,107830885.1,107830885.1
45.41,107775839.1,107775839.1
45.914,108058888.6,107836086.8
46.418,130829230.2,131052070.0
46.922,137365523.6,137365523.6
47.426,137335564.9,137045827.4
47.93,137400056.0,137422357.5
48.434,136963792.9,137231039.3
48.938,137550760.5,137283412.0
49.443,137237851.3,137505111.0
49.947,137292307.0,137292307.0
50.451,137216509.2,137216509.2
50.955,137493215.9,137225979.4
51.46,137128486.4,137395533.1
51.964,137494645.8,137494645.8
52.469,148550782.1,148550782.1
52.973,150167003.1,150167003.1
53.477,150337226.8,150047731.4
53.981,150098116.0,150098116.0
54.486,150027378.1,150027378.1
54.99,149996676.0,150286115.9
55.494,150180197.8,150180197.8
55.998,150424543.8,150112598.3
56.507,148728019.5,149037087.7
57.011,151411061.6,151121215.6
57.515,150118691.8,150408324.2
58.019,150139369.7,150139369.7
58.523,150434397.3,150434397.3
59.027,150191946.2,149902258.5
59.532,150057938.2,150057938.2
60.036,150197700.8,150487399.7
60.541,150077067.6,149765981.0
61.047,150035598.5,150057816.1
61.551,150380556.2,150380556.2
62.055,150467121.5,150756738.4
62.559,150166659.4,150166659.4
63.064,150119163.2,150119163.2
63.568,150142162.1,150142162.1
64.072,150847799.0,150558221.2
64.576,154523959.5,154501677.8
65.08,154441926.0,154464199.1
65.585,154334171.9,154311917.5
66.089,154779215.6,154779215.6
66.594,154493416.0,154493416.0
67.098,154434989.6,154746799.5
67.602,154696667.9,154385003.9
68.107,154313375.5,154624939.8
68.613,154391625.9,154391625.9
69.117,154859122.3,154859122.3
69.622,154250637.1,154250637.1
70.126,154769058.8,154457114.3
70.629,154258548.7,154258548.7
71.134,153889612.2,154201084.5
71.638,154457479.1,154145488.8
72.142,154137541.3,154449515.5
72.647,153812273.1,153501002.2
73.153,154044676.3,154355832.8
73.657,154739312.0,154427382.5
74.161,153736122.4,154047915.2
74.665,154479691.1,154479691.1
75.169,154081421.7,153769561.1
75.674,154088051.9,154399925.9
76.178,154354627.3,154354627.3
76.682,154856070.4,154856070.4
77.186,154804812.6,154804812.6
77.69,154784898.2,154784898.2
78.194,155077042.6,154765106.1
78.698,154408045.5,154719846.0
79.202,155073522.2,154761592.7
79.706,154817188.5,155129185.2
80.211,154648225.3,154358788.7
80.715,154658356.5,154947770.4
81.222,154345684.1,154345684.1
81.726,155301425.8,155301425.8
82.23,157674428.2,157362422.3
82.734,161068282.6,161045998.6
83.238,161073808.1,161408124.8
83.743,160971988.4,160971988.4
84.248,160475522.3,160475522.3
84.752,161690856.1,161378883.6
85.257,161010431.7,161322337.9
85.762,160775417.2,160775417.2
86.266,161100636.1,161100636.1
86.771,161176471.1,161176471.1
87.276,161216684.4,161216684.4
87.78,160875922.5,160875922.5
88.285,160578162.1,160578162.1
88.792,159591495.0,159281737.5
89.298,161324041.5,161635349.1
89.802,160666613.6,160332494.7
90.306,159964718.8,160298767.3
90.815,159294188.4,158962923.6
91.319,161764921.0,161787175.1
91.823,160755770.9,160733484.0
92.328,160252860.2,160586813.1
92.832,160387095.0,160387095.0
93.336,160377537.2,160377537.2
93.84,160366388.0,160054477.8
94.344,160593711.1,160571428.1
94.848,160146308.6,160146308.6
95.353,160098450.3,160098450.3
95.857,160064996.9,160064996.9
96.361,160153353.4,160487609.7
96.865,160182978.8,159870948.5
97.369,160057808.5,160369594.9
97.874,160361180.3,160361180.3
98.38,160121715.0,160121715.0
98.885,159667504.2,159667504.2
99.391,160349067.0,160037925.3
99.897,159954658.3,159932448.5
100.402,162285904.5,162619231.7
100.907,163048551.8,162737178.2
101.413,162206867.2,162206867.2
101.919,162752078.1,163062843.1
102.424,163111066.5,163111066.5
102.928,162883147.5,162883147.5
103.432,163030885.7,162718950.1
103.937,162376896.4,162376896.4
104.443,162636492.5,162947630.9
104.948,162814043.2,162502522.6
105.453,162723312.8,163034617.3
105.96,163013068.9,162702989.7
106.466,160255158.0,160565859.1
106.971,161271083.3,161271083.3
107.475,160462710.9,160462710.9
107.98,160764845.4,160764845.4
108.485,160142488.2,160142488.2
108.99,161227151.8,160915773.7
109.495,160428440.3,160428440.3
110.0,160411689.4,160723298.0
110.504,160800029.2,160800029.2
111.009,160375035.2,160375035.2
111.514,160546033.1,160546033.1
112.019,160698015.6,160698015.6
112.523,164701442.9,164701442.9
113.028,164692575.6,164380995.0
113.533,164188167.9,164499382.9
114.037,165129306.9,164795262.4
114.542,164396872.2,164419133.2
115.047,164278397.4,164256155.6
115.551,164772362.9,165106360.9
116.056,164824168.6,164512339.1
116.56,164482787.8,164460518.3
117.064,164459387.7,164793383.2
117.569,164723625.1,164389725.8
118.074,164901787.5,165235551.7
118.578,166769418.3,166769418.3
119.083,167028786.7,166694818.2
119.587,166737327.8,166737327.8
120.091,166692642.4,166714909.6
120.597,166422996.3,166734192.0
121.102,167124628.1,166791090.3
121.61,166311076.4,166001907.0
122.115,167361609.2,168007363.1
122.619,166969355.3,166969355.3
123.124,166770166.5,166770166.5
123.628,166859845.1,166526169.9
124.133,166564300.8,166564300.8
124.637,164468750.0,164802719.3
125.142,164508556.8,164508556.8
125.648,164173316.3,164173316.3
126.153,165030070.8,165030070.8
126.658,164752190.6,164752190.6
127.162,164772738.5,164772738.5
127.667,164783094.3,164449164.7
128.171,164465174.6,164465174.6
128.676,164351230.5,164684961.1
129.181,164704640.7,164704640.7
129.685,164832789.1,164832789.1
130.191,166806880.0,166473577.3
130.695,170676696.9,171010920.2
131.201,170402272.8,170402272.8
131.706,170304113.1,170304113.1
132.211,170883947.7,170528448.7
132.716,170931530.9,171287870.2
133.22,170899456.5,170543184.1
133.725,170490079.7,170846241.3
134.229,170922077.0,170588027.3
134.734,170460952.6,170794753.4
135.238,171003802.9,170669593.5
135.742,170592059.4,170592059.4
136.247,173392601.6,173726562.7
136.751,177371583.8,177371583.8
137.256,176979726.2,176979726.2
137.76,177437156.6,177437156.6
138.267,176267814.5,176267814.5
138.771,178020943.3,178020943.3
139.278,176325089.5,176325089.5
139.782,177802498.3,177802498.3
140.288,176961621.5,176961621.5
140.792,177808383.5,177474240.9
141.297,176887307.1,176865059.9
141.806,175937230.3,175937230.3
142.311,184397535.6,184397535.6
142.816,187172116.8,187528338.3
143.322,186947442.3,186592324.2
143.826,187915260.2,187915260.2
144.331,187145053.4,187501223.3
144.835,187636084.5,187257426.7
145.339,187270923.8,187293202.0
145.843,187239632.6,187595982.6
146.348,187584985.9,187228656.9
146.853,186995991.1,187351877.4
147.357,187561238.8,187182732.1
147.863,186905615.8,187282844.2
148.369,193746088.6,193746088.6
148.874,197926768.3,197926768.3
149.378,197620474.0,197219576.0
149.883,197059702.5,197460320.8
150.387,197589087.3,197589087.3
150.892,196942562.1,196942562.1
151.398,197544374.9,197166618.5
151.902,197561538.6,197539273.2
152.408,196603187.1,196625392.1
152.912,197959325.1,198337875.0
153.417,197507957.6,197107287.8
153.921,197182015.7,197582882.7
154.426,199185317.8,198784542.5
154.931,198861733.7,199261902.7
155.435,199609675.5,199231036.3
155.94,199161264.1,199539770.6
156.444,199570147.2,199570147.2
156.949,199139240.9,199139240.9
157.453,199661777.6,199260805.6
157.957,199211540.3,199211540.3
158.462,199183103.8,199583919.5
158.966,199697471.1,199697471.1
159.471,198782842.5,198782842.5
159.976,199298169.9,199298169.9
160.481,196512993.2,196134527.1
160.986,196092757.2,196071674.8
161.49,196256767.8,196256767.8
161.994,195791775.3,195791775.3
162.498,195878802.6,196279782.7
163.003,195782521.6,195782521.6
163.507,196227357.4,196227357.4
164.011,195856205.1,195856205.1
164.516,195819317.6,195418504.8
165.02,196257042.1,196279318.7
165.524,195861902.9,195839630.7
166.029,195767287.8,196168085.2
166.533,189618030.4,189261563.6
167.037,189158063.7,189135796.7
167.542,188969933.8,189348140.7
168.05,188245925.0,188245925.0
168.555,190630478.0,190274201.0
169.059,189197857.9,189555378.6
169.563,189523472.5,189523472.5
170.068,189196516.1,189196516.1
170.572,189412070.9,189033780.9
171.077,189052069.7,189430440.9
171.581,189600814.7,189600814.7
172.09,186344012.9,186344012.9
172.596,181440392.8,181084888.8
173.101,180452861.0,180452861.0
173.606,180058150.6,180413777.1
174.111,180377382.9,180021169.8
174.615,180378405.8,180734620.9
175.12,179839889.9,179484035.6
175.626,180150114.8,180505923.0
176.131,180070947.0,180070947.0
176.636,180535234.3,180179412.2
177.141,180158789.1,180158789.1
177.646,180182389.1,180538217.1
178.151,173403299.0,173403299.0
178.656,153187268.3,152875912.0
179.161,153241421.4,153552932.9
179.666,153305958.6,153305958.6
180.171,153162540.1,152851234.2
180.676,153075494.2,153386668.5
181.181,153310811.5,152999204.1
181.686,152923053.0,153234505.3
182.191,153446540.1,153446540.1
182.696,153189076.2,153189076.2
183.202,152927948.4,152927948.4
183.707,153613878.0,153613878.0
184.212,145446552.1,145180003.7
184.717,132695635.1,132962717.9
185.222,132446929.6,132179854.7
185.726,132651515.4,132918509.4
186.231,132687238.1,132420217.0
186.736,132694195.1,132694195.1
187.241,132429991.3,132697077.0
187.745,132640876.7,132640876.7
188.25,132633662.8,132388951.2
188.755,132732691.2,132977544.3
189.26,132376824.1,132376824.1
189.765,132694067.8,132694067.8
190.269,122721195.0,122721195.0
190.774,111846045.7,111846045.7
191.278,111636283.4,111636283.4
191.783,111861425.2,111861425.2
192.288,111667141.5,111667141.5
192.793,111867239.8,111867239.8
193.297,111669690.8,111446975.0
193.801,111949608.3,111949608.3
194.306,111676335.0,111899019.6
194.81,111705323.1,111705323.1
195.314,111886694.0,111686260.0
195.819,111688055.1,111888492.3
196.323,104271978.6,104271978.6
196.828,99487677.2,99487677.2
197.332,99276509.1,99276509.1
197.837,99403680.9,99203360.0
198.341,99290708.4,99491205.7
198.845,99272614.2,99272614.2
199.349,99468957.3,99468957.3
199.854,99189957.0,99189957.0
200.358,99461621.8,99283455.0
200.862,99350147.4,99327861.6
201.367,99278877.8,99278877.8
201.871,99348972.5,99549542.4
202.375,92153661.3,92153661.3
202.879,88910150.3,88910150.3
203.383,89095282.5,88917092.0
203.888,88887673.7,89065805.3
204.392,89080373.0,88902212.3
204.896,88940009.7,88940009.7
205.401,88908222.4,89086395.2
205.905,88882338.5,88882338.5
206.41,89064245.6,88886161.6
206.914,89115001.1,89115001.1
207.418,88922263.2,88922263.2
207.922,88939294.7,88939294.7
208.426,82955748.5,82955748.5
208.931,81368728.0,81546875.1
209.435,81544920.0,81389002.4
209.939,81402126.5,81402126.5
210.444,81369035.7,81524915.0
210.948,81352731.0,81352731.0
211.453,81536940.0,81381037.6
211.957,81333435.3,81333435.3
212.461,81529269.8,81685157.5
212.966,81387347.7,81231433.3
213.47,81413637.6,81413637.6
213.974,81564995.8,81542722.4
214.478,77870271.5,77892552.0
214.983,77425191.6,77425191.6
215.487,77427681.0,77427681.0
215.991,77415199.1,77571098.5
216.495,77575205.9,77419298.3
217.0,77431012.6,77431012.6
217.504,77390722.9,77546573.0
218.008,77593658.1,77437713.3
218.513,77376315.1,77532136.2
219.017,77536496.0,77536496.0
219.522,77389296.5,77233449.2
220.026,77598766.3,77598766.3
220.531,81861941.7,81861941.7
221.035,81873981.3,82029931.8
221.539,81822363.5,81822363.5
222.044,82020947.3,81865056.3
222.549,81702586.0,81858210.0
223.053,82009260.8,81853349.6
223.557,82038515.3,82038515.3
224.062,81856368.2,81856368.2
224.566,81903844.1,81903844.1
225.07,81878434.2,81878434.2
225.574,81873416.3,82029323.2
226.079,83201583.7,83201583.7
226.583,95723693.7,95723693.7
227.088,95749269.8,95548817.7
227.593,95336212.1,95536218.1
228.097,95959433.0,95758914.1
228.601,95576561.8,95576561.8
229.105,95591570.2,95591570.2
229.61,95592745.8,95592745.8
230.115,95401961.4,95602105.3
230.619,95767153.8,95566664.3
231.123,95559163.4,95559163.4
231.627,95598217.0,95798772.7
232.131,97167547.8,97167547.8
232.637,103114814.6,103114814.6
233.141,103330749.5,103330749.5
233.645,103056985.3,103056985.3
234.15,103146886.2,102924539.0
234.655,103309008.5,103331282.9
235.159,103108782.0,103309252.7
235.663,103094351.8,103094351.8
236.168,103257745.7,103257745.7
236.672,103139455.7,103139455.7
237.177,103020082.0,103020082.0
237.681,103328644.8,103128179.6
238.185,105715633.0,105916062.9
238.69,111279490.7,111057154.1
239.195,111476287.7,111476287.7
239.699,111204525.6,111427157.3
240.212,109979637.9,109979637.9
240.716,112795409.7,112795409.7
241.22,111249710.9,111249710.9
241.725,111510734.9,111510734.9
242.229,111276588.1,111276588.1
242.735,110921987.9,110921987.9
243.239,111721522.7,111721522.7
243.743,111327695.9,111327695.9
244.247,121110321.3,121110321.3
244.752,133518802.9,133251542.6
245.256,133798201.6,133798201.6
245.76,133563065.9,133830414.8
246.264,133507829.1,133240546.1
246.768,133659902.6,133659902.6
247.272,133455710.8,133722889.4
247.777,133827756.7,133827756.7
248.281,133418388.7,133418388.7
248.785,133777705.2,133510417.1
249.29,133525431.0,133525431.0
249.794,133500696.7,133767965.4
250.298,146949578.2,146949578.2
250.803,158577157.0,158577157.0
251.307,158269613.0,158269613.0
251.811,158248290.4,158248290.4
252.317,158353540.7,158042782.4
252.822,158616150.7,158616150.7
253.326,158185328.9,158496980.3
253.83,158256618.0,158501631.7
254.335,158604225.6,158047328.8
254.839,158122790.9,158434319.1
255.344,158070825.7,157759399.9
255.849,158440904.8,158752445.9
256.353,156792323.0,156792323.0
256.858,155343118.9,155343118.9
257.367,154284862.2,153975895.2
257.871,156924720.7,156924720.7
258.376,155313023.7,155624673.7
258.881,155724439.0,155413168.0
259.385,155312436.6,155624085.4
259.89,155718267.9,155406430.4
260.394,155375870.0,155687646.1
260.898,155367497.3,155367497.3
261.403,155704091.8,155392238.1
261.907,155409075.7,155409075.7
262.411,157345751.6,157345751.6
262.918,157428275.5,157428275.5
263.424,158550535.9,158861680.7
263.929,158001815.4,158001815.4
264.434,158108302.9,158108302.9
264.938,157850928.1,157850928.1
265.444,157846821.6,157846821.6
265.949,158118907.3,158118907.3
266.454,158364678.8,158053287.6
266.959,157881322.8,157881322.8
267.464,158117936.4,158117936.4
267.968,158222262.3,158222262.3
268.474,160491003.7,160468775.0
268.978,161305971.4,161639753.9
269.483,161212614.8,161212614.8
269.988,161358938.8,161358938.8
270.493,161184765.9,160851234.1
270.998,161341941.7,161364198.9
271.503,161171377.4,161482647.9
272.008,161336987.2,161336987.2
272.513,161260269.5,161260269.5
273.018,160926562.2,160926562.2
273.522,161664921.9,161353300.1
274.027,161033697.0,161345217.2
274.531,162505830.8,162193833.9
275.036,162026514.9,162338190.0
275.54,162429918.4,162118110.0
276.044,162077448.2,162077448.2
276.549,161992053.2,162303619.2
277.053,162321237.9,162321237.9
277.558,162437905.1,162126081.3
278.062,162082121.9,162082121.9
278.567,162019453.5,161997195.0
279.071,162482311.1,162504593.3
279.58,161154356.1,161463123.2
280.085,143760098.8,143760098.8
280.589,0.0,0.0
281.094,22267.6,22267.6
281.598,0.0,0.0
282.102,22276.3,22276.3
282.606,0.0,0.0
283.113,22176.6,22176.6
283.617,0.0,0.0
284.121,22281.4,22281.4
284.625,0.0,0.0
285.129,22275.9,22275.9
285.633,0.0,0.0
286.137,0.0,0.0
286.641,0.0,0.0
287.145,0.0,0.0
287.649,0.0,0.0
288.153,0.0,0.0
288.657,0.0,0.0
289.161,0.0,0.0
289.665,0.0,0.0
290.17,0.0,0.0
290.675,0.0,0.0
291.179,0.0,0.0
291.684,0.0,0.0
292.188,0.0,0.0
